Elements(Best),Merge Sorting (Microseconds), QuickSorting (Microseconds), InsertSorting (Microseconds),Elements(Worst),Merge Sorting (Microseconds), QuickSorting (Microseconds), InsertSorting (Microseconds),Elements(Random),Merge Sorting (Microseconds), QuickSorting (Microseconds), InsertSorting (Microseconds)
100,237.000000,328.000000,772.000000,100,192.000000,383.000000,1143.000000,100,198.000000,382.000000,1059.000000
200,375.000000,637.000000,1679.000000,200,375.000000,600.000000,1664.000000,200,374.000000,827.000000,1820.000000
300,726.000000,960.000000,2604.000000,300,539.000000,1004.000000,2372.000000,300,541.000000,862.000000,2656.000000
400,718.000000,1294.000000,3248.000000,400,719.000000,1144.000000,3671.000000,400,715.000000,1142.000000,3062.000000
500,899.000000,1525.000000,4142.000000,500,1020.000000,1547.000000,5280.000000,500,961.000000,1650.000000,4065.000000
600,1134.000000,1985.000000,4761.000000,600,1072.000000,1968.000000,4691.000000,600,1191.000000,2895.000000,4636.000000
700,2213.000000,2222.000000,8568.000000,700,1638.000000,2041.000000,6354.000000,700,1415.000000,3227.000000,6897.000000
800,1436.000000,2552.000000,8211.000000,800,1679.000000,3359.000000,7050.000000,800,1657.000000,2500.000000,7630.000000
900,1660.000000,3193.000000,8039.000000,900,1630.000000,2695.000000,8309.000000,900,1974.000000,2715.000000,8096.000000
